{"cameraMode":{"drawMode":0,"name":"Shaded","section":"Shading Mode"},"sceneLighting":true,"audioPlay":false,"sceneViewState":{"m_AlwaysRefresh":false,"showFog":true,"showSkybox":true,"showFlares":true,"showImageEffects":true,"showParticleSystems":true,"showVisualEffectGraphs":true,"m_FxEnabled":true},"in2DMode":false,"pivot":{"x":-18.29679298400879,"y":20.741058349609376,"z":43.732261657714847},"rotation":{"x":0.05014340952038765,"y":-0.20965296030044557,"z":0.01076794695109129,"w":0.9764177799224854},"size":47.620426177978519,"orthographic":false}