{"cameraMode":{"drawMode":0,"name":"Shaded","section":"Shading Mode"},"sceneLighting":false,"audioPlay":false,"sceneViewState":{"m_AlwaysRefresh":false,"showFog":true,"showSkybox":false,"showFlares":true,"showImageEffects":true,"showParticleSystems":true,"showVisualEffectGraphs":true,"m_FxEnabled":true},"in2DMode":false,"pivot":{"x":0.0009517669677734375,"y":0.8272780179977417,"z":0.000213623046875},"rotation":{"x":-0.07520522177219391,"y":-0.029314815998077394,"z":0.002211171668022871,"w":-0.9967256784439087},"size":14.173030853271485,"orthographic":false}